{
    "1": {
        "latitude <= -0.76": 0.43507879534258065,
        "longitude > 0.73": -0.39984678489114023,
        "0.19 < housing_median_age <= 0.74": 0.22974619879377545,
        "-0.61 < households <= 0.02": 0.1102917963902586,
        "-0.05 < median_income <= 0.46": 0.08504589582280436
    },
    "2": {
        "latitude <= -0.76": 0.5579501288106089,
        "longitude > 0.73": -0.47259983296705266,
        "0.19 < housing_median_age <= 0.74": 0.24271895592000195,
        "-0.05 < median_income <= 0.46": 0.13912263818569157,
        "-0.61 < households <= 0.02": 0.08824486817658679
    },
    "3": {
        "latitude <= -0.76": 0.638128169522632,
        "longitude > 0.73": -0.503092442749158,
        "0.19 < housing_median_age <= 0.74": 0.2756734141814269,
        "-0.05 < median_income <= 0.46": 0.1397322490483417,
        "-0.61 < households <= 0.02": 0.08650060240053103
    },
    "4": {
        "latitude <= -0.76": 0.7688754850381541,
        "longitude > 0.73": -0.6074484222661752,
        "0.19 < housing_median_age <= 0.74": 0.30522174832668403,
        "-0.05 < median_income <= 0.46": 0.2546073734349224,
        "-0.58 < total_rooms <= -0.09": -0.09931590215109624
    },
    "5": {
        "latitude <= -0.76": 0.9020421071637569,
        "longitude > 0.73": -0.6074066647948075,
        "0.19 < housing_median_age <= 0.74": 0.3294325468535434,
        "-0.05 < median_income <= 0.46": 0.2139913829853458,
        "-0.61 < households <= 0.02": 0.10964941713673185
    }
}