{
    "1": {
        "total_rooms <= -0.58": -0.22856171984974172,
        "-0.61 < households <= 0.02": -0.18258234608006096,
        "median_income <= -0.57": -0.14374719250797688,
        "-0.43 < latitude <= 0.85": -0.12779956907403414,
        "-1.18 < longitude <= 0.23": 0.07658451294185117
    },
    "2": {
        "median_income <= -0.57": -0.3678431909336533,
        "total_rooms <= -0.58": -0.28308838098187405,
        "-0.43 < latitude <= 0.85": -0.1941217335973729,
        "-0.61 < households <= 0.02": -0.17068602692359555,
        "0.19 < housing_median_age <= 0.74": 0.13112307120821723
    },
    "3": {
        "median_income <= -0.57": -0.5646336192251027,
        "total_rooms <= -0.58": -0.4428769924920285,
        "-0.43 < latitude <= 0.85": -0.21693408754859428,
        "-0.61 < households <= 0.02": -0.21390147236576912,
        "0.19 < housing_median_age <= 0.74": 0.1127892134109365
    },
    "4": {
        "median_income <= -0.57": -0.8233124908760949,
        "total_rooms <= -0.58": -0.5163252551448458,
        "-0.43 < latitude <= 0.85": -0.24713729686488423,
        "-0.61 < households <= 0.02": -0.22230284972801573,
        "0.19 < housing_median_age <= 0.74": 0.18115539108117362
    },
    "5": {
        "median_income <= -0.57": -1.1309013354952884,
        "total_rooms <= -0.58": -0.6192737602332907,
        "-0.43 < latitude <= 0.85": -0.31027231547836753,
        "-0.61 < households <= 0.02": -0.23874659830701342,
        "0.19 < housing_median_age <= 0.74": 0.20547095428650172
    }
}