{
    "1": {
        "longitude <= -1.18": -0.37972602368329894,
        "housing_median_age > 0.74": 0.3742487570538851,
        "households > 0.51": 0.23209593441740697,
        "total_rooms > 0.44": 0.16978016797699413,
        "ocean_proximity > 1.09": 0.14720608609679792
    },
    "2": {
        "housing_median_age > 0.74": 0.46693841926638724,
        "longitude <= -1.18": -0.2901479764585632,
        "total_rooms > 0.44": 0.2727825026029067,
        "households > 0.51": 0.27186437026138155,
        "ocean_proximity > 1.09": 0.17443833711042336
    },
    "3": {
        "housing_median_age > 0.74": 0.5468505739650675,
        "total_rooms > 0.44": 0.3550062154978856,
        "households > 0.51": 0.34415962259319843,
        "latitude > 0.85": -0.22981880823771134,
        "longitude <= -1.18": -0.19570957398258795
    },
    "4": {
        "housing_median_age > 0.74": 0.6550274590156939,
        "total_rooms > 0.44": 0.47761959158928746,
        "households > 0.51": 0.4254346541623519,
        "latitude > 0.85": -0.3862196438762953,
        "-0.57 < median_income <= -0.05": -0.17315556508524327
    },
    "5": {
        "housing_median_age > 0.74": 0.739236408756855,
        "latitude > 0.85": -0.5536398285970475,
        "total_rooms > 0.44": 0.5522793165883495,
        "households > 0.51": 0.508720297537797,
        "-0.57 < median_income <= -0.05": -0.3060897850097286
    }
}