{
    "1": {
        "households > 0.51": -0.41827821439098,
        "ocean_proximity > 1.09": 0.32456984408477013,
        "housing_median_age > 0.74": 0.20375310439022407,
        "total_rooms > 0.44": -0.1335717047075793,
        "longitude <= -1.18": 0.09442014272727646
    },
    "2": {
        "households > 0.51": -0.3747830778830682,
        "ocean_proximity > 1.09": 0.3190902803000832,
        "housing_median_age > 0.74": 0.28635017323420814,
        "-0.05 < median_income <= 0.46": 0.1508758252627729,
        "longitude <= -1.18": 0.12612526298229484
    },
    "3": {
        "housing_median_age > 0.74": 0.34399236976341097,
        "ocean_proximity > 1.09": 0.3176985703805276,
        "households > 0.51": -0.298037352324616,
        "longitude <= -1.18": 0.19456058762617215,
        "-0.05 < median_income <= 0.46": 0.18346422461347422
    },
    "4": {
        "housing_median_age > 0.74": 0.41214387513695294,
        "ocean_proximity > 1.09": 0.3826418224696483,
        "longitude <= -1.18": 0.30502930754179175,
        "households > 0.51": -0.26203226695676557,
        "-0.05 < median_income <= 0.46": 0.22477038217341364
    },
    "5": {
        "housing_median_age > 0.74": 0.5909278205590693,
        "longitude <= -1.18": 0.38686750528021685,
        "ocean_proximity > 1.09": 0.27512642053110614,
        "-0.05 < median_income <= 0.46": 0.2626589345410079,
        "total_rooms > 0.44": 0.2529993575096123
    }
}