{
  "train_loss": [
    0.026328017669064657,
    0.01210662057357175,
    0.007221848903489965,
    0.005073724691534326,
    0.006426801905035973
  ],
  "val_loss": [
    0.06129679903388023,
    0.032824236899614334,
    0.021522655338048934,
    0.018531955406069757,
    0.019043341837823392
  ],
  "val_rmse": [
    0.2503320872783661,
    0.18383434414863586,
    0.15038591623306274,
    0.13602204620838165,
    0.13866443932056427
  ],
  "test_loss": [
    0.10489469915628433,
    0.05550277978181839,
    0.03926538191735744,
    0.03627956062555313,
    0.039623890444636344
  ],
  "test_rmse": [
    0.33646759390830994,
    0.24361486732959747,
    0.20298488438129425,
    0.19161362946033478,
    0.19936473667621613
  ]
}