{
    "train_loss": [
        0.027366224358358036,
        0.01794024672722671,
        0.016523952107513097,
        0.018459538429430346,
        0.014074739307256006
    ],
    "val_loss": [
        0.02145884268813663,
        0.019120070565905836,
        0.019625235659380753,
        0.017844828673534922,
        0.01937146329631408
    ],
    "val_rmse": [
        0.14542554318904877,
        0.137185201048851,
        0.13928702473640442,
        0.13227882981300354,
        0.13783900439739227
    ],
    "test_loss": [
        0.016387164178821776,
        0.014619557911323177,
        0.015155057940218184,
        0.015340958204534318,
        0.016246068187885813
    ],
    "test_rmse": [
        0.12734678387641907,
        0.1205187663435936,
        0.12171822786331177,
        0.12332795560359955,
        0.12707379460334778
    ],
    "fit_duration_seconds": [
        0.41431450843811035,
        0.03900027275085449,
        0.03800797462463379,
        0.042203664779663086,
        0.03628420829772949
    ],
    "evaluate_duration_seconds": [
        0.0009496212005615234,
        0.001001596450805664,
        0.0009984970092773438,
        0.0010187625885009766,
        0.000993490219116211
    ],
    "lime_duration_seconds": [
        0.0,
        0.0,
        0.0,
        0.0,
        1.6238961219787598
    ],
    "shap_duration_seconds": [
        0.0,
        0.0,
        0.0,
        0.0,
        8.478808164596558
    ]
}