{
    "train_loss": [
        0.104477909737793,
        0.0980823851102774,
        0.13719371637916597,
        0.13656119294477242,
        0.13637607548751976
    ],
    "val_loss": [
        0.2416444217165311,
        0.2202243340977778,
        0.21766841699524472,
        0.21980956241798896,
        0.2177384738519322
    ],
    "val_rmse": [
        0.07303041219711304,
        0.06473054736852646,
        0.06446554511785507,
        0.06517486274242401,
        0.06494469195604324
    ],
    "test_loss": [
        0.059115922451019286,
        0.03729753320415815,
        0.03876078980198751,
        0.03656971252833804,
        0.04141942535255415
    ],
    "test_rmse": [
        0.09901461750268936,
        0.08045397698879242,
        0.07971494644880295,
        0.08062318712472916,
        0.07984210550785065
    ],
    "fit_duration_seconds": [
        0.4615354537963867,
        0.07287073135375977,
        0.06920194625854492,
        0.07135891914367676,
        0.06811761856079102
    ],
    "evaluate_duration_seconds": [
        0.0021295547485351562,
        0.0016531944274902344,
        0.001611948013305664,
        0.0019080638885498047,
        0.003397226333618164
    ],
    "lime_duration_seconds": [
        0.0,
        0.0,
        0.0,
        0.0,
        2.3909804821014404
    ],
    "shap_duration_seconds": [
        0.0,
        0.0,
        0.0,
        0.0,
        12.056849002838135
    ],
    "val_accuracy": [
        0.9957264957264957,
        0.9957264957264957,
        0.9957264957264957,
        0.9957264957264957,
        0.9957264957264957,
        0.9957264957264957,
        0.9957264957264957,
        0.9957264957264957,
        0.9957264957264957
    ],
    "val_precision": [
        0.9523809523809523,
        0.9523809523809523,
        0.9523809523809523,
        0.9523809523809523,
        0.9523809523809523,
        0.9523809523809523,
        0.9523809523809523,
        0.9523809523809523,
        0.9523809523809523
    ],
    "val_recall": [
        1.0,
        1.0,
        1.0,
        1.0,
        1.0,
        1.0,
        1.0,
        1.0,
        1.0
    ],
    "val_f1": [
        0.975609756097561,
        0.975609756097561,
        0.975609756097561,
        0.975609756097561,
        0.975609756097561,
        0.975609756097561,
        0.975609756097561,
        0.975609756097561,
        0.975609756097561
    ],
    "test_accuracy": [
        0.9893390191897654,
        0.9936034115138592,
        0.9936034115138592,
        0.9936034115138592,
        0.9936034115138592
    ],
    "test_precision": [
        0.9148936170212766,
        0.9361702127659575,
        0.9361702127659575,
        0.9361702127659575,
        0.9361702127659575
    ],
    "test_recall": [
        0.9772727272727273,
        1.0,
        1.0,
        1.0,
        1.0
    ],
    "test_f1": [
        0.945054945054945,
        0.967032967032967,
        0.967032967032967,
        0.967032967032967,
        0.967032967032967
    ]
}