{
    "1": {
        "longitude > 0.73": -0.445526236635527,
        "latitude <= -0.76": 0.4236755874460086,
        "0.19 < housing_median_age <= 0.74": 0.21931967109344844,
        "-0.57 < median_income <= -0.05": -0.13930088894485204,
        "-0.61 < households <= 0.02": 0.1316557163406703
    },
    "2": {
        "latitude <= -0.76": 0.5623461678657348,
        "longitude > 0.73": -0.4765134466580965,
        "0.19 < housing_median_age <= 0.74": 0.2608994713533019,
        "-0.57 < median_income <= -0.05": -0.23324443582514456,
        "-0.61 < households <= 0.02": 0.07964757795790715
    },
    "3": {
        "latitude <= -0.76": 0.6559570487539303,
        "longitude > 0.73": -0.5022597933241845,
        "0.19 < housing_median_age <= 0.74": 0.29456245271716336,
        "-0.57 < median_income <= -0.05": -0.2934031320929991,
        "-0.61 < households <= 0.02": 0.09815818605681786
    },
    "4": {
        "latitude <= -0.76": 0.8065229960257044,
        "longitude > 0.73": -0.6365621794307559,
        "-0.57 < median_income <= -0.05": -0.37927380168990477,
        "0.19 < housing_median_age <= 0.74": 0.33288981484544283,
        "total_rooms <= -0.58": -0.13818711811695278
    },
    "5": {
        "latitude <= -0.76": 0.8974731915092511,
        "longitude > 0.73": -0.6369835814075097,
        "-0.57 < median_income <= -0.05": -0.4473947825571713,
        "0.19 < housing_median_age <= 0.74": 0.3017884705890369,
        "total_rooms <= -0.58": -0.20224510475308558
    }
}