{
    "1": {
        "longitude > 0.73": 0.29470079564627144,
        "0.19 < housing_median_age <= 0.74": 0.15193117712528598,
        "total_rooms <= -0.58": -0.14777851503957573,
        "ocean_proximity <= -0.90": -0.12099603281399164,
        "-0.46 < population <= -0.07": -0.08893676821502318
    },
    "2": {
        "total_rooms <= -0.58": -0.23448396555366396,
        "longitude > 0.73": 0.2285629506757784,
        "0.19 < housing_median_age <= 0.74": 0.19105284798903252,
        "ocean_proximity <= -0.90": -0.16095663270313404,
        "-0.61 < households <= 0.02": -0.12946509116190802
    },
    "3": {
        "total_rooms <= -0.58": -0.29780043473234546,
        "0.19 < housing_median_age <= 0.74": 0.20961037924885573,
        "longitude > 0.73": 0.16938013428681736,
        "latitude <= -0.76": 0.16570672087177155,
        "ocean_proximity <= -0.90": -0.1455890218217432
    },
    "4": {
        "total_rooms <= -0.58": -0.3774403849822324,
        "0.19 < housing_median_age <= 0.74": 0.26640610465526077,
        "latitude <= -0.76": 0.2657866088160991,
        "-0.57 < median_income <= -0.05": -0.20302614312014172,
        "ocean_proximity <= -0.90": -0.18146212778850943
    },
    "5": {
        "total_rooms <= -0.58": -0.5235634805814532,
        "latitude <= -0.76": 0.4463316279147613,
        "0.19 < housing_median_age <= 0.74": 0.29298738868200375,
        "-0.57 < median_income <= -0.05": -0.28467367373960767,
        "-0.61 < households <= 0.02": -0.1883224200920287
    }
}