{
    "1": {
        "ocean_proximity <= -0.90": -0.431801786449456,
        "households <= -0.61": -0.3600176324867715,
        "latitude <= -0.76": 0.3173755416181989,
        "population <= -0.46": -0.31142906663988046,
        "longitude > 0.73": -0.2896904864894962
    },
    "2": {
        "latitude <= -0.76": 0.457911197735313,
        "households <= -0.61": -0.44460435339157867,
        "ocean_proximity <= -0.90": -0.4301748411679862,
        "median_income > 0.46": 0.4247490982562574,
        "longitude > 0.73": -0.3718600144040782
    },
    "3": {
        "median_income > 0.46": 0.6519314049981457,
        "latitude <= -0.76": 0.5636836076501672,
        "households <= -0.61": -0.5115221876585005,
        "ocean_proximity <= -0.90": -0.41391829495315835,
        "longitude > 0.73": -0.39721238357309996
    },
    "4": {
        "median_income > 0.46": 0.961493930223841,
        "latitude <= -0.76": 0.731165706992191,
        "households <= -0.61": -0.5268832749932989,
        "ocean_proximity <= -0.90": -0.4648787592822987,
        "longitude > 0.73": -0.46001030075990984
    },
    "5": {
        "median_income > 0.46": 1.1978464502001798,
        "latitude <= -0.76": 0.7801036706394278,
        "households <= -0.61": -0.587700454632306,
        "longitude > 0.73": -0.5383648526090556,
        "ocean_proximity <= -0.90": -0.4303237682764754
    }
}