{
    "1": {
        "households > 0.51": -0.46741077003357634,
        "ocean_proximity > 1.09": 0.35806707307967883,
        "latitude > 0.85": 0.2886114123643433,
        "housing_median_age > 0.74": 0.18147968328551176,
        "-0.57 < median_income <= -0.05": -0.16574434097935464
    },
    "2": {
        "ocean_proximity > 1.09": 0.36425626298929525,
        "households > 0.51": -0.3532942175600173,
        "housing_median_age > 0.74": 0.28503230254944123,
        "-0.57 < median_income <= -0.05": -0.242284716259147,
        "longitude <= -1.18": 0.15175418399081983
    },
    "3": {
        "housing_median_age > 0.74": 0.37535797734264886,
        "ocean_proximity > 1.09": 0.3373018332209923,
        "-0.57 < median_income <= -0.05": -0.33328941081427516,
        "households > 0.51": -0.30101362597907594,
        "longitude <= -1.18": 0.21024907305156723
    },
    "4": {
        "ocean_proximity > 1.09": 0.4446261504786116,
        "housing_median_age > 0.74": 0.4413178681576137,
        "-0.57 < median_income <= -0.05": -0.38298320114935436,
        "longitude <= -1.18": 0.31449357222758373,
        "households > 0.51": -0.2529505760303599
    },
    "5": {
        "housing_median_age > 0.74": 0.6419801843583474,
        "-0.57 < median_income <= -0.05": -0.4983533947327454,
        "longitude <= -1.18": 0.3459386046504422,
        "latitude > 0.85": -0.3114895794256183,
        "ocean_proximity > 1.09": 0.3047757339581877
    }
}