{
    "train_loss": [
        0.19124759749873824,
        0.15118499687346426,
        0.0579263946156193,
        0.05463865623924125,
        0.05395757326809014
    ],
    "val_loss": [
        0.29047575406730175,
        0.2149555625083546,
        0.21164992689155043,
        0.21075585782527922,
        0.2095797971628296
    ],
    "val_rmse": [
        0.0890822783112526,
        0.04713725671172142,
        0.04647017642855644,
        0.046388592571020126,
        0.04626726359128952
    ],
    "test_loss": [
        0.044646187126636504,
        0.015179832590123017,
        0.010807709799458583,
        0.015954411510999005,
        0.012141847203020006
    ],
    "test_rmse": [
        0.072932668030262,
        0.05646501109004021,
        0.05291641876101494,
        0.06220729649066925,
        0.05937996506690979
    ],
    "fit_duration_seconds": [
        0.4391133785247803,
        0.06984257698059082,
        0.07161808013916016,
        0.07225251197814941,
        0.07197260856628418
    ],
    "evaluate_duration_seconds": [
        0.0017790794372558594,
        0.0019199848175048828,
        0.0018851757049560547,
        0.0016176700592041016,
        0.0016109943389892578
    ],
    "lime_duration_seconds": [
        0.0,
        0.0,
        0.0,
        0.0,
        2.436976671218872
    ],
    "shap_duration_seconds": [
        0.0,
        0.0,
        0.0,
        0.0,
        11.55017375946045
    ],
    "val_accuracy": [
        0.9935897435897436,
        0.9935897435897436,
        0.9957264957264957,
        0.9978632478632479,
        0.9978632478632479,
        0.9978632478632479,
        0.9978632478632479,
        0.9978632478632479,
        0.9978632478632479,
        0.9978632478632479
    ],
    "val_precision": [
        0.9285714285714286,
        0.9285714285714286,
        0.9512195121951219,
        0.975,
        0.975,
        0.975,
        0.975,
        0.975,
        0.975,
        0.975
    ],
    "val_recall": [
        1.0,
        1.0,
        1.0,
        1.0,
        1.0,
        1.0,
        1.0,
        1.0,
        1.0,
        1.0
    ],
    "val_f1": [
        0.962962962962963,
        0.962962962962963,
        0.975,
        0.9873417721518987,
        0.9873417721518987,
        0.9873417721518987,
        0.9873417721518987,
        0.9873417721518987,
        0.9873417721518987,
        0.9873417721518987
    ],
    "test_accuracy": [
        0.9957356076759062,
        0.9957356076759062,
        0.9957356076759062,
        0.9957356076759062,
        0.9957356076759062
    ],
    "test_precision": [
        1.0,
        1.0,
        1.0,
        1.0,
        1.0
    ],
    "test_recall": [
        0.9565217391304348,
        0.9565217391304348,
        0.9565217391304348,
        0.9565217391304348,
        0.9565217391304348
    ],
    "test_f1": [
        0.9777777777777777,
        0.9777777777777777,
        0.9777777777777777,
        0.9777777777777777,
        0.9777777777777777
    ]
}