{
    "train_loss": [
        0.08604119929326016,
        0.08657929338741957,
        0.08370971901302521,
        0.044616586386748563,
        0.04375861445015932
    ],
    "fit_duration_seconds": [
        0.54701828956604,
        0.07709980010986328,
        0.08360409736633301,
        0.07356500625610352,
        0.08852934837341309
    ],
    "val_loss": [
        0.55859658235891,
        0.5252624109076957,
        0.5234143043118011,
        0.3647418570277902,
        0.3651008154394933
    ],
    "val_rmse": [
        0.09060517698526382,
        0.07332005351781845,
        0.0731542706489563,
        0.07312613725662231,
        0.0731031745672226
    ],
    "val_accuracy": [
        0.994661921708185,
        0.994661921708185,
        0.994661921708185,
        0.994661921708185,
        0.994661921708185
    ],
    "val_precision": [
        0.9411764705882353,
        0.9411764705882353,
        0.9411764705882353,
        0.9411764705882353,
        0.9411764705882353
    ],
    "val_recall": [
        1.0,
        1.0,
        1.0,
        1.0,
        1.0
    ],
    "val_f1": [
        0.9696969696969697,
        0.9696969696969697,
        0.9696969696969697,
        0.9696969696969697,
        0.9696969696969697
    ],
    "test_loss": [
        0.22562151795460117,
        0.19997368759423909,
        0.19667688310922435,
        0.1959944294907877,
        0.19595359455949315
    ],
    "test_rmse": [
        0.09616784006357193,
        0.0807962492108345,
        0.07566225528717041,
        0.07533787190914154,
        0.07475124299526215
    ],
    "test_accuracy": [
        0.9911190053285968,
        0.9928952042628775,
        0.9928952042628775,
        0.9928952042628775,
        0.9928952042628775
    ],
    "test_precision": [
        0.9245283018867925,
        0.9423076923076923,
        0.9423076923076923,
        0.9423076923076923,
        0.9423076923076923
    ],
    "test_recall": [
        0.98,
        0.98,
        0.98,
        0.98,
        0.98
    ],
    "test_f1": [
        0.9514563106796116,
        0.9607843137254902,
        0.9607843137254902,
        0.9607843137254902,
        0.9607843137254902
    ],
    "evaluate_duration_seconds": [
        0.0017132759094238281,
        0.0018639564514160156,
        0.00202178955078125,
        0.0019040107727050781,
        0.0027942657470703125
    ],
    "lime_duration_seconds": [
        0.7165532112121582
    ],
    "shap_duration_seconds": [
        13.227216005325317
    ]
}