{
    "train_loss": [
        0.08485663710878445,
        0.07143302018252704,
        0.06404258810709088,
        0.06225194827241536,
        0.06138319783181382
    ],
    "fit_duration_seconds": [
        0.4296436309814453,
        0.05052375793457031,
        0.05507397651672363,
        0.05537104606628418,
        0.04936718940734863
    ],
    "val_loss": [
        0.07021418992768634,
        0.0317756687714295,
        0.028514048804275015,
        0.02942927675956691,
        0.02905766415113414
    ],
    "val_rmse": [
        0.09206812083721161,
        0.07210670411586761,
        0.07091203331947327,
        0.0699656531214714,
        0.06960015743970871
    ],
    "val_accuracy": [
        0.9943019943019943,
        0.9943019943019943,
        0.9943019943019943,
        0.9943019943019943,
        0.9943019943019943
    ],
    "val_precision": [
        0.9523809523809523,
        0.9523809523809523,
        0.9523809523809523,
        0.9523809523809523,
        0.9523809523809523
    ],
    "val_recall": [
        0.9523809523809523,
        0.9523809523809523,
        0.9523809523809523,
        0.9523809523809523,
        0.9523809523809523
    ],
    "val_f1": [
        0.9523809523809523,
        0.9523809523809523,
        0.9523809523809523,
        0.9523809523809523,
        0.9523809523809523
    ],
    "test_loss": [
        0.08748670599677345,
        0.026017758910628883,
        0.019265805498104204,
        0.015903292456641793,
        0.015894542173059148
    ],
    "test_rmse": [
        0.10524215549230576,
        0.06487458944320679,
        0.060290977358818054,
        0.056656815111637115,
        0.05562523379921913
    ],
    "test_accuracy": [
        0.9914772727272727,
        0.9943181818181818,
        0.9943181818181818,
        0.9971590909090909,
        0.9971590909090909
    ],
    "test_precision": [
        0.9428571428571428,
        0.9705882352941176,
        0.9705882352941176,
        0.9714285714285714,
        0.9714285714285714
    ],
    "test_recall": [
        0.9705882352941176,
        0.9705882352941176,
        0.9705882352941176,
        1.0,
        1.0
    ],
    "test_f1": [
        0.9565217391304348,
        0.9705882352941176,
        0.9705882352941176,
        0.9855072463768115,
        0.9855072463768115
    ],
    "evaluate_duration_seconds": [
        0.0012743473052978516,
        0.0012314319610595703,
        0.0011878013610839844,
        0.0014405250549316406,
        0.0011899471282958984
    ],
    "lime_duration_seconds": [
        0.6505923271179199
    ],
    "shap_duration_seconds": [
        11.8496835231781
    ]
}