{
    "train_loss": [
        0.19124759749873824,
        0.15118499687346426,
        0.14677985056060489,
        0.14424574444664345,
        0.14409438354651566
    ],
    "fit_duration_seconds": [
        0.4368133544921875,
        0.06987404823303223,
        0.06455039978027344,
        0.06151247024536133,
        0.06150174140930176
    ],
    "val_loss": [
        0.29047575406730175,
        0.229054983984679,
        0.2257693344882379,
        0.22710700705647469,
        0.22409265753813087
    ],
    "val_rmse": [
        0.0890822783112526,
        0.06774481385946274,
        0.06598544865846634,
        0.06595966964960098,
        0.06542294472455978
    ],
    "val_accuracy": [
        0.9935897435897436,
        0.9957264957264957,
        0.9957264957264957,
        0.9957264957264957,
        0.9957264957264957
    ],
    "val_precision": [
        0.9285714285714286,
        0.9512195121951219,
        0.9512195121951219,
        0.9512195121951219,
        0.9512195121951219
    ],
    "val_recall": [
        1.0,
        1.0,
        1.0,
        1.0,
        1.0
    ],
    "val_f1": [
        0.962962962962963,
        0.975,
        0.975,
        0.975,
        0.975
    ],
    "test_loss": [
        0.044646187126636504,
        0.018167732066164413,
        0.01574200721612821,
        0.01958445323010286,
        0.013058083407425631
    ],
    "test_rmse": [
        0.072932668030262,
        0.06180243566632271,
        0.062203194946050644,
        0.0642654076218605,
        0.061084162443876266
    ],
    "test_accuracy": [
        0.9957356076759062,
        0.9957356076759062,
        0.9957356076759062,
        0.9957356076759062,
        0.9957356076759062
    ],
    "test_precision": [
        1.0,
        1.0,
        1.0,
        1.0,
        1.0
    ],
    "test_recall": [
        0.9565217391304348,
        0.9565217391304348,
        0.9565217391304348,
        0.9565217391304348,
        0.9565217391304348
    ],
    "test_f1": [
        0.9777777777777777,
        0.9777777777777777,
        0.9777777777777777,
        0.9777777777777777,
        0.9777777777777777
    ],
    "evaluate_duration_seconds": [
        0.0016036033630371094,
        0.0016489028930664062,
        0.0016908645629882812,
        0.0016875267028808594,
        0.0014531612396240234
    ],
    "lime_duration_seconds": [
        2.1551432609558105
    ],
    "shap_duration_seconds": [
        11.187308073043823
    ]
}