{
    "train_loss": [
        0.3571929812866982,
        0.3872011034664978,
        0.3932822169606856,
        0.3950476768447313,
        0.3996094043544718
    ],
    "fit_duration_seconds": [
        1.1302518844604492,
        0.49410390853881836,
        0.5005333423614502,
        0.4843456745147705,
        0.4843571186065674
    ],
    "val_loss": [
        1.819573309049647,
        2.04547988018419,
        1.8165563793263884,
        1.435169232961459,
        1.0945551368192985
    ],
    "val_rmse": [
        0.4052949547767639,
        0.4280049800872803,
        0.42508476972579956,
        0.40457072854042053,
        0.3649948835372925
    ],
    "val_accuracy": [
        0.9943578721117678,
        0.9943578721117678,
        0.9935518538420204,
        0.9938205265986029,
        0.9930145083288554
    ],
    "val_precision": [
        0.7894736842105263,
        0.7894736842105263,
        0.7653061224489796,
        0.7731958762886598,
        0.75
    ],
    "val_recall": [
        0.9868421052631579,
        0.9868421052631579,
        0.9868421052631579,
        0.9868421052631579,
        0.9868421052631579
    ],
    "val_f1": [
        0.8771929824561403,
        0.8771929824561403,
        0.8620689655172413,
        0.8670520231213872,
        0.8522727272727272
    ],
    "test_loss": [
        1.8301668039753907,
        2.042182055803446,
        1.7542664283870633,
        1.3711404372484257,
        1.008128682215117
    ],
    "test_rmse": [
        0.40936505794525146,
        0.4286802411079407,
        0.42222651839256287,
        0.3984543979167938,
        0.35829105973243713
    ],
    "test_accuracy": [
        0.8293927995701236,
        0.8036002149382052,
        0.814615797958087,
        0.8342289091886083,
        0.8551853842020419
    ],
    "test_precision": [
        0.10578279266572638,
        0.09417596034696406,
        0.09921671018276762,
        0.10966810966810966,
        0.12357723577235773
    ],
    "test_recall": [
        0.9868421052631579,
        1.0,
        1.0,
        1.0,
        1.0
    ],
    "test_f1": [
        0.1910828025477707,
        0.17214043035107587,
        0.18052256532066507,
        0.1976592977893368,
        0.21997105643994214
    ],
    "evaluate_duration_seconds": [
        0.010007143020629883,
        0.010448217391967773,
        0.01070857048034668,
        0.010323762893676758,
        0.010094404220581055
    ],
    "lime_duration_seconds": [
        6.428839445114136
    ],
    "shap_duration_seconds": [
        22.951531887054443
    ]
}