{
    "train_loss": [
        0.24637765283651145,
        0.22079510066106697,
        0.1582101415435883,
        0.1568471766919015,
        0.15588178857030727
    ],
    "fit_duration_seconds": [
        0.488971471786499,
        0.09627914428710938,
        0.10364508628845215,
        0.09378671646118164,
        0.10829329490661621
    ],
    "val_loss": [
        0.03902748235586015,
        0.011333881125954742,
        0.00647099260029129,
        0.007995615829713643,
        0.01057847324277232
    ],
    "val_rmse": [
        0.06778872013092041,
        0.047561127692461014,
        0.03897848725318909,
        0.04754958301782608,
        0.05147798731923103
    ],
    "val_accuracy": [
        0.9971550497866287,
        0.9971550497866287,
        0.9985775248933144,
        0.9971550497866287,
        0.9971550497866287
    ],
    "val_precision": [
        0.9827586206896551,
        0.9827586206896551,
        0.9830508474576272,
        0.9827586206896551,
        0.9827586206896551
    ],
    "val_recall": [
        0.9827586206896551,
        0.9827586206896551,
        1.0,
        0.9827586206896551,
        0.9827586206896551
    ],
    "val_f1": [
        0.9827586206896551,
        0.9827586206896551,
        0.9914529914529915,
        0.9827586206896551,
        0.9827586206896551
    ],
    "test_loss": [
        0.31915804218839516,
        0.30269568995572627,
        0.30390588903736154,
        0.29973639010462316,
        0.29655605993783946
    ],
    "test_rmse": [
        0.0866786316037178,
        0.0757627785205841,
        0.07539770752191544,
        0.07516179233789444,
        0.07486420124769211
    ],
    "test_accuracy": [
        0.9900426742532006,
        0.9943100995732574,
        0.9943100995732574,
        0.9943100995732574,
        0.9943100995732574
    ],
    "test_precision": [
        0.8775510204081632,
        0.9166666666666666,
        0.9166666666666666,
        0.9166666666666666,
        0.9166666666666666
    ],
    "test_recall": [
        0.9772727272727273,
        1.0,
        1.0,
        1.0,
        1.0
    ],
    "test_f1": [
        0.9247311827956989,
        0.9565217391304348,
        0.9565217391304348,
        0.9565217391304348,
        0.9565217391304348
    ],
    "evaluate_duration_seconds": [
        0.0020761489868164062,
        0.0027523040771484375,
        0.0021920204162597656,
        0.0022029876708984375,
        0.0024323463439941406
    ],
    "lime_duration_seconds": [
        0.6934678554534912
    ],
    "shap_duration_seconds": [
        11.699143886566162
    ]
}