{
    "train_loss": [
        0.2691277920898488,
        0.2680723646977533,
        0.28076082758043946,
        0.2907767363692127,
        0.2997035849803069
    ],
    "fit_duration_seconds": [
        0.9154443740844727,
        0.24519014358520508,
        0.2458176612854004,
        0.24736714363098145,
        0.23980426788330078
    ],
    "val_loss": [
        1.0336673764859217,
        1.5757702952724393,
        1.6393727554103075,
        1.3676162240868908,
        1.5038212555444848
    ],
    "val_rmse": [
        0.3838355243206024,
        0.431405633687973,
        0.4258597791194916,
        0.4075753688812256,
        0.4102540910243988
    ],
    "val_accuracy": [
        0.9962385814078453,
        0.9962385814078453,
        0.9930145083288554,
        0.9919398173025256,
        0.9914024717893606
    ],
    "val_precision": [
        0.8333333333333334,
        0.8333333333333334,
        0.7291666666666666,
        0.7,
        0.6862745098039216
    ],
    "val_recall": [
        1.0,
        1.0,
        1.0,
        1.0,
        1.0
    ],
    "val_f1": [
        0.9090909090909091,
        0.9090909090909091,
        0.8433734939759037,
        0.8235294117647058,
        0.813953488372093
    ],
    "test_loss": [
        1.143723814164178,
        1.6340484235246302,
        1.6862554797681713,
        1.4390110253530033,
        1.5708487429103608
    ],
    "test_rmse": [
        0.3724523186683655,
        0.41293367743492126,
        0.405765563249588,
        0.39058321714401245,
        0.3931928873062134
    ],
    "test_accuracy": [
        0.8511552928533047,
        0.8242880171950564,
        0.831810854379366,
        0.8430951101558302,
        0.8404083825900054
    ],
    "test_precision": [
        0.11217948717948718,
        0.09668508287292818,
        0.10057471264367816,
        0.10703363914373089,
        0.10542168674698796
    ],
    "test_recall": [
        1.0,
        1.0,
        1.0,
        1.0,
        1.0
    ],
    "test_f1": [
        0.20172910662824206,
        0.17632241813602015,
        0.18276762402088773,
        0.19337016574585633,
        0.1907356948228883
    ],
    "evaluate_duration_seconds": [
        0.005154132843017578,
        0.005157470703125,
        0.0050811767578125,
        0.007367610931396484,
        0.005215883255004883
    ],
    "lime_duration_seconds": [
        6.748342514038086
    ],
    "shap_duration_seconds": [
        20.6731116771698
    ]
}