{
    "train_loss": [
        0.14189349582382277,
        0.11703004437617447,
        0.13015960530702061,
        0.14405551111878023,
        0.1526683797649229
    ],
    "fit_duration_seconds": [
        2.651289463043213,
        1.9085643291473389,
        1.6602191925048828,
        1.6732110977172852,
        1.647740364074707
    ],
    "val_loss": [
        1.8337157653136686,
        1.458108627660708,
        1.1015146268023686,
        1.1008250920144333,
        1.2369725243082608
    ],
    "val_rmse": [
        0.4460987448692322,
        0.4258921444416046,
        0.30211973190307617,
        0.1468079686164856,
        0.08273408561944962
    ],
    "val_accuracy": [
        0.9931924041562165,
        0.9939089931924041,
        0.994267287710498,
        0.9939089931924041,
        0.994267287710498
    ],
    "val_precision": [
        0.7285714285714285,
        0.75,
        0.7611940298507462,
        0.75,
        0.7611940298507462
    ],
    "val_recall": [
        1.0,
        1.0,
        1.0,
        1.0,
        1.0
    ],
    "val_f1": [
        0.8429752066115702,
        0.8571428571428571,
        0.864406779661017,
        0.8571428571428571,
        0.864406779661017
    ],
    "test_loss": [
        1.6599135666408322,
        1.1748121343553066,
        0.7360221454027024,
        0.6721243172756989,
        0.7366214949552986
    ],
    "test_rmse": [
        0.44054579734802246,
        0.4222581088542938,
        0.2963557541370392,
        0.1361791491508484,
        0.07230489701032639
    ],
    "test_accuracy": [
        0.8055157593123209,
        0.8080229226361032,
        0.8757163323782235,
        0.9863896848137536,
        0.9935530085959885
    ],
    "test_precision": [
        0.08739495798319327,
        0.08843537414965986,
        0.13032581453634084,
        0.5777777777777777,
        0.7428571428571429
    ],
    "test_recall": [
        1.0,
        1.0,
        1.0,
        1.0,
        1.0
    ],
    "test_f1": [
        0.160741885625966,
        0.16249999999999998,
        0.23059866962305986,
        0.732394366197183,
        0.8524590163934427
    ],
    "evaluate_duration_seconds": [
        0.06402754783630371,
        0.06033825874328613,
        0.05034136772155762,
        0.059522390365600586,
        0.052297115325927734
    ],
    "lime_duration_seconds": [
        3.5251033306121826
    ],
    "shap_duration_seconds": [
        146.2875030040741
    ]
}