{
    "train_loss": [
        0.17178721771371075,
        0.09977936428948873,
        0.09106164815176915,
        0.0876538207890784,
        0.0860729624045922
    ],
    "fit_duration_seconds": [
        0.48893117904663086,
        0.04715323448181152,
        0.04615211486816406,
        0.043116092681884766,
        0.04804205894470215
    ],
    "val_loss": [
        0.14495720838507017,
        0.027248933704362974,
        0.006328179656217496,
        0.0031355871146337855,
        0.0020902345552005703
    ],
    "val_rmse": [
        0.10630378127098083,
        0.06819233298301697,
        0.008409230969846249,
        0.003939444664865732,
        0.00278680631890893
    ],
    "val_accuracy": [
        0.9928825622775801,
        1.0,
        1.0,
        1.0,
        1.0
    ],
    "val_precision": [
        0.9166666666666666,
        1.0,
        1.0,
        1.0,
        1.0
    ],
    "val_recall": [
        1.0,
        1.0,
        1.0,
        1.0,
        1.0
    ],
    "val_f1": [
        0.9565217391304348,
        1.0,
        1.0,
        1.0,
        1.0
    ],
    "test_loss": [
        0.06271067013343175,
        0.013341826800670888,
        0.006737876786953873,
        0.003424283220536179,
        0.0022674735195727814
    ],
    "test_rmse": [
        0.06747326254844666,
        0.015965567901730537,
        0.009058359079062939,
        0.0043801842257380486,
        0.0030921748839318752
    ],
    "test_accuracy": [
        1.0,
        1.0,
        1.0,
        1.0,
        1.0
    ],
    "test_precision": [
        1.0,
        1.0,
        1.0,
        1.0,
        1.0
    ],
    "test_recall": [
        1.0,
        1.0,
        1.0,
        1.0,
        1.0
    ],
    "test_f1": [
        1.0,
        1.0,
        1.0,
        1.0,
        1.0
    ],
    "evaluate_duration_seconds": [
        0.0012593269348144531,
        0.0012619495391845703,
        0.0010020732879638672,
        0.001219034194946289,
        0.0012173652648925781
    ],
    "lime_duration_seconds": [
        0.8392734527587891
    ],
    "shap_duration_seconds": [
        16.512036561965942
    ]
}