{
    "train_loss": [
        0.19124759749873824,
        0.15118499687346426,
        0.14677985056060489,
        0.14424574444664345,
        0.14409438354651566
    ],
    "fit_duration_seconds": [
        0.4287717342376709,
        0.06572699546813965,
        0.06494879722595215,
        0.06110095977783203,
        0.06669807434082031
    ],
    "val_loss": [
        0.29047575406730175,
        0.229054983984679,
        0.2257693344882379,
        0.22710700705647469,
        0.22409265753813087
    ],
    "val_rmse": [
        0.0890822783112526,
        0.06774481385946274,
        0.06598544865846634,
        0.06595966964960098,
        0.06542294472455978
    ],
    "val_accuracy": [
        0.9935897435897436,
        0.9957264957264957,
        0.9957264957264957,
        0.9957264957264957,
        0.9957264957264957
    ],
    "val_precision": [
        0.9285714285714286,
        0.9512195121951219,
        0.9512195121951219,
        0.9512195121951219,
        0.9512195121951219
    ],
    "val_recall": [
        1.0,
        1.0,
        1.0,
        1.0,
        1.0
    ],
    "val_f1": [
        0.962962962962963,
        0.975,
        0.975,
        0.975,
        0.975
    ],
    "test_loss": [
        0.044646187126636504,
        0.018167732066164413,
        0.01574200721612821,
        0.01958445323010286,
        0.013058083407425631
    ],
    "test_rmse": [
        0.072932668030262,
        0.06180243566632271,
        0.062203194946050644,
        0.0642654076218605,
        0.061084162443876266
    ],
    "test_accuracy": [
        0.9957356076759062,
        0.9957356076759062,
        0.9957356076759062,
        0.9957356076759062,
        0.9957356076759062
    ],
    "test_precision": [
        1.0,
        1.0,
        1.0,
        1.0,
        1.0
    ],
    "test_recall": [
        0.9565217391304348,
        0.9565217391304348,
        0.9565217391304348,
        0.9565217391304348,
        0.9565217391304348
    ],
    "test_f1": [
        0.9777777777777777,
        0.9777777777777777,
        0.9777777777777777,
        0.9777777777777777,
        0.9777777777777777
    ],
    "evaluate_duration_seconds": [
        0.0015211105346679688,
        0.0015499591827392578,
        0.0015583038330078125,
        0.001407623291015625,
        0.0016601085662841797
    ],
    "lime_duration_seconds": [
        0.0,
        0.0,
        0.0,
        0.0,
        1.8903241157531738
    ],
    "shap_duration_seconds": [
        0.0,
        0.0,
        0.0,
        0.0,
        8.479605436325073
    ]
}