{
  "train_loss": [
    0.4384876361915043,
    0.36365701471056255,
    0.30796478050095694,
    0.2952072819073995,
    0.2826790916068213
  ],
  "val_loss": [
    0.42451382875442506,
    0.39573679566383363,
    0.35786247849464414,
    0.29506089687347414,
    0.40863128900527956
  ],
  "val_rmse": [
    0.6599177122116089,
    0.6232011914253235,
    0.5866717100143433,
    0.5435042977333069,
    0.6192464828491211
  ],
  "test_loss": [
    0.5689873456954956,
    0.5350940823554993,
    0.473065984249115,
    0.457379138469696,
    0.4315283238887787
  ],
  "test_rmse": [
    0.7337937951087952,
    0.7081455588340759,
    0.6706956624984741,
    0.658979058265686,
    0.6451647877693176
  ]
}