{
    "train_loss": [
        0.02076101523437878,
        0.017849543324966983,
        0.018383158688865055,
        0.014163171531768834,
        0.017685307178464605
    ],
    "val_loss": [
        0.021661191661324766,
        0.020233674492273066,
        0.022999767110579543,
        0.02002278860244486,
        0.019907628496487934
    ],
    "val_rmse": [
        0.1459960639476776,
        0.14099888503551483,
        0.15086308121681213,
        0.1403023600578308,
        0.13974766433238983
    ],
    "test_loss": [
        0.019628138695326116,
        0.018336405874126487,
        0.016828669804251857,
        0.01623226112375657,
        0.01832262095477846
    ],
    "test_rmse": [
        0.13912591338157654,
        0.13455559313297272,
        0.1289573758840561,
        0.1265685260295868,
        0.13416166603565216
    ],
    "fit_duration_seconds": [
        0.42354893684387207,
        0.03747701644897461,
        0.03895258903503418,
        0.04158139228820801,
        0.03523731231689453
    ],
    "evaluate_duration_seconds": [
        0.0010025501251220703,
        0.0009911060333251953,
        0.0010998249053955078,
        0.0011725425720214844,
        0.0009160041809082031
    ],
    "lime_duration_seconds": [
        0.0,
        0.0,
        0.0,
        0.0,
        1.8915839195251465
    ],
    "shap_duration_seconds": [
        0.0,
        0.0,
        0.0,
        0.0,
        8.438488245010376
    ]
}