{
    "train_loss": [
        0.02076101523437878,
        0.017849543324966983,
        0.018383158688865055,
        0.014163171531768834,
        0.017685307178464605
    ],
    "val_loss": [
        0.021661191661324766,
        0.020233674492273066,
        0.022999767110579543,
        0.02002278860244486,
        0.019907628496487934
    ],
    "val_rmse": [
        0.1459960639476776,
        0.14099888503551483,
        0.15086308121681213,
        0.1403023600578308,
        0.13974766433238983
    ],
    "test_loss": [
        0.019628138695326116,
        0.018336405874126487,
        0.016828669804251857,
        0.01623226112375657,
        0.01832262095477846
    ],
    "test_rmse": [
        0.13912591338157654,
        0.13455559313297272,
        0.1289573758840561,
        0.1265685260295868,
        0.13416166603565216
    ],
    "fit_duration_seconds": [
        0.4157567024230957,
        0.0381321907043457,
        0.037236690521240234,
        0.03947567939758301,
        0.03618025779724121
    ],
    "evaluate_duration_seconds": [
        0.0009794235229492188,
        0.0010266304016113281,
        0.0009946823120117188,
        0.0008976459503173828,
        0.0009942054748535156
    ],
    "lime_duration_seconds": [
        0.0,
        0.0,
        0.0,
        0.0,
        1.75801420211792
    ],
    "shap_duration_seconds": [
        0.0,
        0.0,
        0.0,
        0.0,
        8.636107206344604
    ]
}