{
    "train_loss": [
        0.22817161142070225,
        0.19013095719645312,
        0.18759693132639202,
        0.1865436379279793,
        0.18641223313212665
    ],
    "val_loss": [
        0.44859133325517175,
        0.42262941375374796,
        0.41938740325470764,
        0.41830239083307486,
        0.4175281558845503
    ],
    "val_rmse": [
        0.08069860935211182,
        0.06700559705495834,
        0.06571714580059052,
        0.0655428022146225,
        0.06540613621473312
    ],
    "test_loss": [
        0.26245249969263873,
        0.2315109322934101,
        0.23040974093601108,
        0.2289909193563896,
        0.22909065685623015
    ],
    "test_rmse": [
        0.09914106130599976,
        0.07527041435241699,
        0.071739561855793,
        0.07587945461273193,
        0.07268539816141129
    ],
    "fit_duration_seconds": [
        0.44227147102355957,
        0.06807303428649902,
        0.07061505317687988,
        0.06800055503845215,
        0.06797289848327637
    ],
    "evaluate_duration_seconds": [
        0.001605987548828125,
        0.0020072460174560547,
        0.0018305778503417969,
        0.0015795230865478516,
        0.0016579627990722656
    ],
    "lime_duration_seconds": [
        0.0,
        0.0,
        0.0,
        0.0,
        2.4639384746551514
    ],
    "shap_duration_seconds": [
        0.0,
        0.0,
        0.0,
        0.0,
        11.941104888916016
    ],
    "val_accuracy": [
        0.9914529914529915,
        0.9935897435897436,
        0.9935897435897436,
        0.9957264957264957,
        0.9935897435897436,
        0.9957264957264957,
        0.9957264957264957,
        0.9957264957264957,
        0.9957264957264957,
        0.9957264957264957
    ],
    "val_precision": [
        0.9047619047619048,
        0.926829268292683,
        0.926829268292683,
        0.95,
        0.926829268292683,
        0.95,
        0.95,
        0.95,
        0.95,
        0.95
    ],
    "val_recall": [
        1.0,
        1.0,
        1.0,
        1.0,
        1.0,
        1.0,
        1.0,
        1.0,
        1.0,
        1.0
    ],
    "val_f1": [
        0.9500000000000001,
        0.9620253164556963,
        0.9620253164556963,
        0.9743589743589743,
        0.9620253164556963,
        0.9743589743589743,
        0.9743589743589743,
        0.9743589743589743,
        0.9743589743589743,
        0.9743589743589743
    ],
    "test_accuracy": [
        0.9893390191897654,
        0.9936034115138592,
        0.9936034115138592,
        0.9936034115138592,
        0.9936034115138592
    ],
    "test_precision": [
        0.9019607843137255,
        0.9387755102040817,
        0.9387755102040817,
        0.9387755102040817,
        0.9387755102040817
    ],
    "test_recall": [
        1.0,
        1.0,
        1.0,
        1.0,
        1.0
    ],
    "test_f1": [
        0.9484536082474228,
        0.968421052631579,
        0.968421052631579,
        0.968421052631579,
        0.968421052631579
    ]
}