{
    "train_loss": [
        0.22817161142070225,
        0.19013095719645312,
        0.1874564753835211,
        0.18647090315504972,
        0.1861661277716453
    ],
    "fit_duration_seconds": [
        0.42708754539489746,
        0.06493592262268066,
        0.06488800048828125,
        0.05925703048706055,
        0.06545329093933105
    ],
    "val_loss": [
        0.44859133325517175,
        0.422713676886633,
        0.41960507759358734,
        0.4194199342086601,
        0.4178670321164342
    ],
    "val_rmse": [
        0.08069860935211182,
        0.0692969262599945,
        0.06740787625312805,
        0.06966664642095566,
        0.06597273051738739
    ],
    "val_accuracy": [
        0.9914529914529915,
        0.9935897435897436,
        0.9935897435897436,
        0.9935897435897436,
        0.9957264957264957
    ],
    "val_precision": [
        0.9047619047619048,
        0.926829268292683,
        0.926829268292683,
        0.926829268292683,
        0.95
    ],
    "val_recall": [
        1.0,
        1.0,
        1.0,
        1.0,
        1.0
    ],
    "val_f1": [
        0.9500000000000001,
        0.9620253164556963,
        0.9620253164556963,
        0.9620253164556963,
        0.9743589743589743
    ],
    "test_loss": [
        0.26245249969263873,
        0.23046205152447025,
        0.22865277570672332,
        0.2278314685410199,
        0.22772307847626508
    ],
    "test_rmse": [
        0.09914106130599976,
        0.07786281406879425,
        0.07759486883878708,
        0.07899672538042068,
        0.07697772979736328
    ],
    "test_accuracy": [
        0.9893390191897654,
        0.9936034115138592,
        0.9936034115138592,
        0.9936034115138592,
        0.9936034115138592
    ],
    "test_precision": [
        0.9019607843137255,
        0.9387755102040817,
        0.9387755102040817,
        0.9387755102040817,
        0.9387755102040817
    ],
    "test_recall": [
        1.0,
        1.0,
        1.0,
        1.0,
        1.0
    ],
    "test_f1": [
        0.9484536082474228,
        0.968421052631579,
        0.968421052631579,
        0.968421052631579,
        0.968421052631579
    ],
    "evaluate_duration_seconds": [
        0.0015802383422851562,
        0.0016055107116699219,
        0.0016074180603027344,
        0.001520395278930664,
        0.001636505126953125
    ],
    "lime_duration_seconds": [
        0.0,
        0.0,
        0.0,
        0.0,
        1.8964436054229736
    ],
    "shap_duration_seconds": [
        0.0,
        0.0,
        0.0,
        0.0,
        8.545417785644531
    ]
}