{
    "train_loss": [
        0.25569195350488794,
        0.20076295753152898,
        0.19340147925182605,
        0.19077671305366004,
        0.19020268014999323
    ],
    "fit_duration_seconds": [
        0.4199943542480469,
        0.05074262619018555,
        0.05573844909667969,
        0.05184221267700195,
        0.04831051826477051
    ],
    "val_loss": [
        0.6284540603783998,
        0.5864705318077044,
        0.5805807291233743,
        0.5790622437224638,
        0.5784020273607563
    ],
    "val_rmse": [
        0.09405898302793503,
        0.07630251348018646,
        0.07559946924448013,
        0.0755200982093811,
        0.07549989968538284
    ],
    "val_accuracy": [
        0.9943019943019943,
        0.9943019943019943,
        0.9943019943019943,
        0.9943019943019943,
        0.9943019943019943
    ],
    "val_precision": [
        0.8888888888888888,
        0.8888888888888888,
        0.8888888888888888,
        0.8888888888888888,
        0.8888888888888888
    ],
    "val_recall": [
        1.0,
        1.0,
        1.0,
        1.0,
        1.0
    ],
    "val_f1": [
        0.9411764705882353,
        0.9411764705882353,
        0.9411764705882353,
        0.9411764705882353,
        0.9411764705882353
    ],
    "test_loss": [
        0.8994524431499568,
        0.8605819893154231,
        0.8552196165546775,
        0.8538398541383106,
        0.8532367012177763
    ],
    "test_rmse": [
        0.10667591542005539,
        0.09290280193090439,
        0.09239950776100159,
        0.09234312176704407,
        0.0923287570476532
    ],
    "test_accuracy": [
        0.9914772727272727,
        0.9914772727272727,
        0.9914772727272727,
        0.9914772727272727,
        0.9914772727272727
    ],
    "test_precision": [
        0.9318181818181818,
        0.9318181818181818,
        0.9318181818181818,
        0.9318181818181818,
        0.9318181818181818
    ],
    "test_recall": [
        1.0,
        1.0,
        1.0,
        1.0,
        1.0
    ],
    "test_f1": [
        0.9647058823529412,
        0.9647058823529412,
        0.9647058823529412,
        0.9647058823529412,
        0.9647058823529412
    ],
    "evaluate_duration_seconds": [
        0.0012810230255126953,
        0.0012564659118652344,
        0.001260995864868164,
        0.0012843608856201172,
        0.0011630058288574219
    ],
    "lime_duration_seconds": [
        0.6459572315216064
    ],
    "shap_duration_seconds": [
        11.209627151489258
    ]
}