{
    "train_loss": [
        0.36393855697037103,
        0.31885904607856097,
        0.332429604819695,
        0.34167946274251065,
        0.351200900196358
    ],
    "fit_duration_seconds": [
        0.9407727718353271,
        0.26777052879333496,
        0.29416513442993164,
        0.2804546356201172,
        0.3423442840576172
    ],
    "val_loss": [
        0.8187360935292002,
        1.0865507782515833,
        0.9149500192221949,
        0.561938939963357,
        0.6119573085995044
    ],
    "val_rmse": [
        0.37622934579849243,
        0.41426706314086914,
        0.40117764472961426,
        0.35456976294517517,
        0.3624429404735565
    ],
    "val_accuracy": [
        0.9978506179473401,
        0.9983879634605051,
        0.9973132724341752,
        0.9962385814078453,
        0.9957012358946803
    ],
    "val_precision": [
        0.9,
        0.9230769230769231,
        0.8780487804878049,
        0.8372093023255814,
        0.8181818181818182
    ],
    "val_recall": [
        1.0,
        1.0,
        1.0,
        1.0,
        1.0
    ],
    "val_f1": [
        0.9473684210526316,
        0.9600000000000001,
        0.9350649350649352,
        0.9113924050632911,
        0.9
    ],
    "test_loss": [
        1.3573345198469646,
        1.5897287802170899,
        1.4282705839407646,
        1.070602876276283,
        1.1716425577967853
    ],
    "test_rmse": [
        0.36815354228019714,
        0.4000716507434845,
        0.386722207069397,
        0.3452422618865967,
        0.35305988788604736
    ],
    "test_accuracy": [
        0.8516926383664697,
        0.8275120902740463,
        0.8441698011821601,
        0.8597528210639441,
        0.8576034390112842
    ],
    "test_precision": [
        0.10714285714285714,
        0.09348441926345609,
        0.10248447204968944,
        0.11262798634812286,
        0.1111111111111111
    ],
    "test_recall": [
        0.9705882352941176,
        0.9705882352941176,
        0.9705882352941176,
        0.9705882352941176,
        0.9705882352941176
    ],
    "test_f1": [
        0.19298245614035087,
        0.1705426356589147,
        0.1853932584269663,
        0.20183486238532108,
        0.19939577039274925
    ],
    "evaluate_duration_seconds": [
        0.0054628849029541016,
        0.007650136947631836,
        0.005164384841918945,
        0.0076808929443359375,
        0.006018877029418945
    ],
    "lime_duration_seconds": [
        7.573931694030762
    ],
    "shap_duration_seconds": [
        22.06321668624878
    ]
}