{
    "train_loss": [
        0.16672973475400724,
        0.09554240724765788,
        0.11339546640303132,
        0.14647343332705764
    ],
    "fit_duration_seconds": [
        2.6524105072021484,
        1.9220798015594482,
        1.6722185611724854,
        1.6721372604370117
    ],
    "val_loss": [
        1.6984632794152608,
        1.9215812694958665,
        2.090165487913923,
        2.319574676284736
    ],
    "val_rmse": [
        0.4421403706073761,
        0.4394131898880005,
        0.4367944300174713,
        0.4364612400531769
    ],
    "val_accuracy": [
        0.9939089931924041,
        0.994267287710498,
        0.9921175206019348,
        0.9906843425295593
    ],
    "val_precision": [
        0.75,
        0.7611940298507462,
        0.6986301369863014,
        0.6623376623376623
    ],
    "val_recall": [
        1.0,
        1.0,
        1.0,
        1.0
    ],
    "val_f1": [
        0.8571428571428571,
        0.864406779661017,
        0.8225806451612903,
        0.796875
    ],
    "test_loss": [
        1.4887833558022976,
        1.6367746605114504,
        1.7671032334593209,
        1.9687405397946185
    ],
    "test_rmse": [
        0.4332335293292999,
        0.4300772547721863,
        0.4278753697872162,
        0.4286949336528778
    ],
    "test_accuracy": [
        0.8116045845272206,
        0.8130372492836676,
        0.8105300859598854,
        0.8090974212034384
    ],
    "test_precision": [
        0.08838821490467938,
        0.08900523560209424,
        0.08793103448275862,
        0.08732876712328767
    ],
    "test_recall": [
        1.0,
        1.0,
        1.0,
        1.0
    ],
    "test_f1": [
        0.16242038216560511,
        0.16346153846153844,
        0.16164817749603802,
        0.16062992125984252
    ],
    "evaluate_duration_seconds": [
        0.07193374633789062,
        0.07161355018615723,
        0.05185747146606445,
        0.04614543914794922
    ],
    "lime_duration_seconds": [],
    "shap_duration_seconds": []
}