{
    "train_loss": [
        0.2983169380984292,
        0.20187959740245034,
        0.11919718633672767,
        0.11755915605903194,
        0.11681936763045264
    ],
    "fit_duration_seconds": [
        0.5437757968902588,
        0.07526373863220215,
        0.08539628982543945,
        0.07500505447387695,
        0.0899360179901123
    ],
    "val_loss": [
        0.025294589085711375,
        0.0039992966533948975,
        0.0020321531078985166,
        0.001242388887072189,
        0.0008880739559471193
    ],
    "val_rmse": [
        0.0432196781039238,
        0.01554331835359335,
        0.007518616504967213,
        0.003408522577956319,
        0.0031277642119675875
    ],
    "val_accuracy": [
        0.9928825622775801,
        0.99644128113879,
        1.0,
        1.0,
        1.0
    ],
    "val_precision": [
        0.96,
        0.98,
        1.0,
        1.0,
        1.0
    ],
    "val_recall": [
        0.96,
        0.98,
        1.0,
        1.0,
        1.0
    ],
    "val_f1": [
        0.96,
        0.98,
        1.0,
        1.0,
        1.0
    ],
    "test_loss": [
        0.3813409659390648,
        0.3537726532538525,
        0.3514435206889175,
        0.35103471973949735,
        0.35165251316276325
    ],
    "test_rmse": [
        0.084266297519207,
        0.06998515129089355,
        0.06777015328407288,
        0.068260058760643,
        0.07018528878688812
    ],
    "test_accuracy": [
        0.9928952042628775,
        0.9946714031971581,
        0.9946714031971581,
        0.9946714031971581,
        0.9946714031971581
    ],
    "test_precision": [
        0.9215686274509803,
        0.94,
        0.94,
        0.94,
        0.94
    ],
    "test_recall": [
        1.0,
        1.0,
        1.0,
        1.0,
        1.0
    ],
    "test_f1": [
        0.9591836734693878,
        0.9690721649484536,
        0.9690721649484536,
        0.9690721649484536,
        0.9690721649484536
    ],
    "evaluate_duration_seconds": [
        0.0017962455749511719,
        0.0019068717956542969,
        0.001895904541015625,
        0.0018360614776611328,
        0.0035080909729003906
    ],
    "lime_duration_seconds": [
        0.7198357582092285
    ],
    "shap_duration_seconds": [
        13.140559673309326
    ]
}