{
    "train_loss": [
        0.3861290482667888,
        0.2596009315513983,
        0.23878094683424,
        0.2351105299823713,
        0.234037150594792
    ],
    "fit_duration_seconds": [
        0.4928004741668701,
        0.0451359748840332,
        0.04457259178161621,
        0.04171156883239746,
        0.04659533500671387
    ],
    "val_loss": [
        0.8278269792596499,
        0.7504648539341159,
        0.7433614816723598,
        0.7358366430788819,
        0.7382194034030868
    ],
    "val_rmse": [
        0.1535796821117401,
        0.1360705941915512,
        0.12634232640266418,
        0.12072122097015381,
        0.12100199609994888
    ],
    "val_accuracy": [
        0.9786476868327402,
        0.9786476868327402,
        0.9822064056939501,
        0.9822064056939501,
        0.9822064056939501
    ],
    "val_precision": [
        0.8333333333333334,
        0.8333333333333334,
        0.8695652173913043,
        0.8695652173913043,
        0.8695652173913043
    ],
    "val_recall": [
        0.9090909090909091,
        0.9090909090909091,
        0.9090909090909091,
        0.9090909090909091,
        0.9090909090909091
    ],
    "val_f1": [
        0.8695652173913043,
        0.8695652173913043,
        0.888888888888889,
        0.888888888888889,
        0.888888888888889
    ],
    "test_loss": [
        0.06195346141854922,
        0.011725659689141644,
        0.005756993881530232,
        0.0028726810382472146,
        0.0018829175969585776
    ],
    "test_rmse": [
        0.0709276869893074,
        0.013922424055635929,
        0.007613581605255604,
        0.003612255910411477,
        0.002507921541109681
    ],
    "test_accuracy": [
        0.9964539007092199,
        1.0,
        1.0,
        1.0,
        1.0
    ],
    "test_precision": [
        0.9411764705882353,
        1.0,
        1.0,
        1.0,
        1.0
    ],
    "test_recall": [
        1.0,
        1.0,
        1.0,
        1.0,
        1.0
    ],
    "test_f1": [
        0.9696969696969697,
        1.0,
        1.0,
        1.0,
        1.0
    ],
    "evaluate_duration_seconds": [
        0.001207113265991211,
        0.0010840892791748047,
        0.0010714530944824219,
        0.0008881092071533203,
        0.0013172626495361328
    ],
    "lime_duration_seconds": [
        0.8367373943328857
    ],
    "shap_duration_seconds": [
        16.033464193344116
    ]
}