{
    "train_loss": [
        0.271274289758243,
        0.17127772731010268,
        0.1292124728353477,
        0.12799454838528018,
        0.12739756142322733
    ],
    "fit_duration_seconds": [
        0.48618054389953613,
        0.09799814224243164,
        0.10077261924743652,
        0.09603071212768555,
        0.1088876724243164
    ],
    "val_loss": [
        0.16944606636058201,
        0.15678109429692003,
        0.15776062157237902,
        0.15502904952683655,
        0.1532152677616316
    ],
    "val_rmse": [
        0.058977413922548294,
        0.05350692197680473,
        0.05341508239507675,
        0.05334523320198059,
        0.05332903191447258
    ],
    "val_accuracy": [
        0.9957325746799431,
        0.9971550497866287,
        0.9971550497866287,
        0.9971550497866287,
        0.9971550497866287
    ],
    "val_precision": [
        0.9491525423728814,
        0.9655172413793104,
        0.9655172413793104,
        0.9655172413793104,
        0.9655172413793104
    ],
    "val_recall": [
        1.0,
        1.0,
        1.0,
        1.0,
        1.0
    ],
    "val_f1": [
        0.9739130434782608,
        0.9824561403508771,
        0.9824561403508771,
        0.9824561403508771,
        0.9824561403508771
    ],
    "test_loss": [
        0.317145294806158,
        0.16903851530514657,
        0.14901911990653555,
        0.14526326951983554,
        0.14369037601334805
    ],
    "test_rmse": [
        0.07859203964471817,
        0.06490135937929153,
        0.05585275962948799,
        0.04763495922088623,
        0.04146836698055267
    ],
    "test_accuracy": [
        0.9928876244665719,
        0.9957325746799431,
        0.9957325746799431,
        0.9971550497866287,
        0.9985775248933144
    ],
    "test_precision": [
        0.9183673469387755,
        0.9387755102040817,
        0.9387755102040817,
        0.9583333333333334,
        0.9787234042553191
    ],
    "test_recall": [
        0.9782608695652174,
        1.0,
        1.0,
        1.0,
        1.0
    ],
    "test_f1": [
        0.9473684210526316,
        0.968421052631579,
        0.968421052631579,
        0.9787234042553191,
        0.989247311827957
    ],
    "evaluate_duration_seconds": [
        0.0023272037506103516,
        0.0024611949920654297,
        0.0022745132446289062,
        0.0020291805267333984,
        0.0026082992553710938
    ],
    "lime_duration_seconds": [
        0.6930429935455322
    ],
    "shap_duration_seconds": [
        12.23794436454773
    ]
}