{
    "train_loss": [
        0.37081959102007783,
        0.4467907312918286,
        0.4640741667672833,
        0.4583035875189402,
        0.45945469257398375
    ],
    "fit_duration_seconds": [
        1.1296026706695557,
        0.5070340633392334,
        0.4985005855560303,
        0.48784875869750977,
        0.4877462387084961
    ],
    "val_loss": [
        1.506605324964238,
        2.0934964392939186,
        2.207017952050918,
        2.0732473557830877,
        1.8723616014179
    ],
    "val_rmse": [
        0.39634501934051514,
        0.4308715760707855,
        0.4287995398044586,
        0.4184689521789551,
        0.40407073497772217
    ],
    "val_accuracy": [
        0.9959699086512628,
        0.9954325631380978,
        0.9946265448683503,
        0.9938205265986029,
        0.9919398173025256
    ],
    "val_precision": [
        0.8426966292134831,
        0.8241758241758241,
        0.7978723404255319,
        0.7731958762886598,
        0.7211538461538461
    ],
    "val_recall": [
        0.9868421052631579,
        0.9868421052631579,
        0.9868421052631579,
        0.9868421052631579,
        0.9868421052631579
    ],
    "val_f1": [
        0.9090909090909091,
        0.8982035928143712,
        0.8823529411764706,
        0.8670520231213872,
        0.8333333333333333
    ],
    "test_loss": [
        1.6958595065989046,
        2.1484433244436216,
        2.248678892086714,
        2.1508415203828077,
        1.8654881118454485
    ],
    "test_rmse": [
        0.39807602763175964,
        0.4322907030582428,
        0.42780643701553345,
        0.413423091173172,
        0.39679256081581116
    ],
    "test_accuracy": [
        0.8361096184846857,
        0.8087049973132724,
        0.8113917248790973,
        0.8226759806555616,
        0.8377216550241805
    ],
    "test_precision": [
        0.10980966325036604,
        0.09554140127388536,
        0.0978120978120978,
        0.10340136054421768,
        0.11192930780559647
    ],
    "test_recall": [
        0.974025974025974,
        0.974025974025974,
        0.987012987012987,
        0.987012987012987,
        0.987012987012987
    ],
    "test_f1": [
        0.1973684210526316,
        0.1740139211136891,
        0.17798594847775173,
        0.18719211822660095,
        0.20105820105820107
    ],
    "evaluate_duration_seconds": [
        0.010043859481811523,
        0.010237693786621094,
        0.010349512100219727,
        0.010463476181030273,
        0.010092496871948242
    ],
    "lime_duration_seconds": [
        6.405194520950317
    ],
    "shap_duration_seconds": [
        22.768327236175537
    ]
}